attendee_id,first_name,last_name,email,age,project_id,checked_in?,school,level_of_study,major,shirt_size
0,Fritsch,Richmond,47315@university.edu,24,,1,Case Western Reserve University,University (Undergraduate),Computer Engineering,Unisex - L
1,Hills,Luz,82699@college.edu,23,,0,Case Western Reserve University,University (Undergraduate),Biomedical Engineering,Unisex - M
2,Hegmann,Ida,66854@whatever.edu,24,,1,Case Western Reserve University,University (Undergraduate),Computer Science,Unisex - M
3,Konopelski,Thomas,94127@college.edu,23,6,0,Case Western Reserve University,University (Undergraduate),Computer Science,Unisex - M
4,Olson,Brisa,34712@whatever.edu,23,28,0,Case Western Reserve University,University (Undergraduate),Computer Science,Unisex - L
5,Schaefer,Devin,86113@college.edu,23,,1,Case Western Reserve University,University (Undergraduate),Computer Science,Unisex - M
6,Strosin,Alysha,35725@college.edu,23,,0,Case Western Reserve University,University (Master's / Doctoral),Computer Science,Women's - S
7,Green,Carlotta,83703@university.edu,29,,1,Case Western Reserve University,Not Currently a Student,Computer Science,Unisex - XL
8,Hayes,Isadore,77785@university.edu,23,,0,Case Western Reserve University,University (Undergraduate),Mechanical Engineering,Unisex - M
9,Haley,Abby,76080@whatever.edu,20,,1,Case Western Reserve University,University (Undergraduate),Computer Science,Unisex - M
10,Luettgen,Eusebio,19645@college.edu,19,,0,Cornell University,High School / Secondary School,Other,Unisex - M
11,Corkery,Allen,38593@college.edu,22,,1,Case Western Reserve University,University (Undergraduate),Computer Science,Unisex - L
12,Huel,Brice,75743@university.edu,21,12,0,Case Western Reserve University,University (Undergraduate),Undeclared (Most Likely Computer Science),Unisex - L
13,Powlowski,Zackery,75178@whatever.edu,23,,0,Michigan State University,University (Undergraduate),Computer Science,Unisex - M
14,Dibbert,Mack,60985@whatever.edu,22,,1,Case Western Reserve University,University (Undergraduate),Computer Science,Unisex - M
15,O'Keefe,Soledad,80933@whatever.edu,21,,1,Case Western Reserve University,University (Undergraduate),Computer Science,Unisex - M
16,Harris,Jed,54450@college.edu,20,,0,Central High School,High School / Secondary School,Electrical Engineering,Unisex - L
17,Smith,Enoch,17457@college.edu,21,,0,Case Western Reserve University,University (Undergraduate),Computer Science & Mechanical Engineering,Women's - S
18,Hayes,Cali,22595@university.edu,21,,1,Case Western Reserve University,University (Undergraduate),Computer Science,Unisex - M
19,Moen,Lafayette,51971@college.edu,23,12,1,Case Western Reserve University,University (Undergraduate),Computer Science,Unisex - L
20,Rowe,Ellsworth,49420@whatever.edu,17,,0,Penn State University,High School / Secondary School,Musical Arts,Unisex - L
21,Cummerata,Elnora,88316@college.edu,20,,0,Highland High School,High School / Secondary School,,Unisex - M
22,Herman,Jeramie,82308@university.edu,23,5,1,The University of Cincinnati,High School / Secondary School,Computer Science,Unisex - M
23,Hessel,Arlie,55132@college.edu,20,23,1,Case Western Reserve University,University (Undergraduate),Math & Computer Science,Unisex - S
24,Langworth,Mellie,88137@whatever.edu,21,,1,Case Western Reserve University,University (Undergraduate),Computer Science,Unisex - L
25,Beier,Lilliana,14491@university.edu,20,10,1,Case Western Reserve University,University (Undergraduate),Computer Science,Unisex - M
26,Dicki,Anahi,30845@college.edu,20,,0,Case Western Reserve University,University (Undergraduate),undecided,Unisex - M
27,Grimes,Hope,68231@college.edu,24,20,0,Case Western Reserve University,University (Master's / Doctoral),Computer Science,Women's - M
28,Hane,Berenice,53925@university.edu,20,22,0,Case Western Reserve University,University (Undergraduate),Computer Science,Unisex - M
29,Hahn,Elizabeth,90833@university.edu,20,,1,Case Western Reserve University,University (Undergraduate),Physics,Unisex - L
30,Skiles,Kacey,79846@college.edu,22,29,1,Case Western Reserve University,University (Undergraduate),Engineering Physics,Unisex - M
31,Conroy,Berneice,29157@whatever.edu,22,,1,Case Western Reserve University,University (Undergraduate),Computer Science,Unisex - L
32,Mueller,Allie,38392@college.edu,20,,1,Case Western Reserve University,University (Undergraduate),Computer Science,Unisex - L
33,Runte,Kurt,43291@university.edu,24,7,1,Case Western Reserve University,University (Undergraduate),Psychology,Unisex - XL
34,Block,Rudy,15054@college.edu,17,29,1,Visitation Secondary School,High School / Secondary School,,Unisex - L
35,Stroman,Citlalli,69682@whatever.edu,20,,0,Oberlin College,University ,Computer Science,Unisex - M
36,McKenzie,Stanford,96652@university.edu,16,,0,Parma High School,High School / Secondary School,,Unisex - L
37,Gerhold,Dolly,90009@university.edu,25,,0,Massachusetts Institute of Technology,University (Master's / Doctoral),Information Systems,Unisex - L
38,Zieme,Eula,33587@university.edu,21,,1,Case Western Reserve University,University (Undergraduate),Computer Science,Unisex - L
39,Carroll,Moshe,47247@college.edu,19,,0,Case Western Reserve University,University (Undergraduate),Computer Science,Women's - S
40,Quigley,Dannie,92248@whatever.edu,19,14,1,Ohio State University,University (Undergraduate),Computer Science,Unisex - L
41,Sporer,Marjorie,38400@college.edu,21,16,0,Case Western Reserve University,University (Undergraduate),Computer Science,Unisex - L
42,Cummings,Buster,11749@college.edu,21,,0,Case Western Reserve University,University (Undergraduate),sociology,Women's - S
43,Metz,Georgianna,38902@university.edu,19,,1,Case Western Reserve University,University (Undergraduate),Computer Science,Unisex - M
44,Mosciski,Norma,80239@university.edu,20,,0,Case Western Reserve University,University (Undergraduate),Computer Science,Unisex - M
45,Gerlach,Adolf,69982@whatever.edu,20,29,1,Case Western Reserve University,University (Undergraduate),Computer Science,Unisex - L
46,Davis,Phoebe,57399@whatever.edu,19,,0,Case Western Reserve University,University (Undergraduate),Computer Science,Unisex - L
47,Nicolas,Adriana,99693@college.edu,20,,1,Case Western Reserve University,University (Undergraduate),Computer Science,Unisex - M
48,Corkery,Jacinthe,14522@university.edu,20,,0,Case Western Reserve University,University (Undergraduate),Engineering Physics,Unisex - M
49,Rath,Justus,66510@university.edu,19,7,1,Case Western Reserve University,University (Undergraduate),Computer Science,Unisex - S
50,Dare,Nigel,47907@university.edu,25,,0,Massachusetts Institute of Technology,University (Master's / Doctoral),Computer Science,Unisex - M
51,Schamberger,Orlando,28959@university.edu,18,28,0,The University of Michigan,University (Undergraduate),English,Women's - M
52,Senger,Nola,12072@college.edu,19,,1,The University of Indiana,University (Undergraduate),Computer Science,Unisex - XL
53,McLaughlin,Drew,75934@university.edu,26,,1,Vanderbilt University,Vocational / Code School,Computer Science,Unisex - L
54,Sawayn,Florence,36052@university.edu,22,,0,Case Western Reserve University,University (Undergraduate),Biomedical Engineering,Women's - S
55,Hettinger,Taylor,49029@college.edu,21,28,0,Case Western Reserve University,University (Undergraduate),Computer Science,Unisex - M
56,Gerlach,Adelia,26785@whatever.edu,19,25,1,Case Western Reserve University,University (Undergraduate),Mechanical Engineering,Unisex - L
57,Rice,Darren,36496@whatever.edu,20,,1,Case Western Reserve University,University (Undergraduate),Mechanical Engineering,Unisex - M
58,Brown,Lavon,53753@university.edu,19,,0,Case Western Reserve University,University (Undergraduate),Computer Engineering,Unisex - M
59,Weissnat,Sharon,19298@university.edu,19,,0,Case Western Reserve University,University (Undergraduate),Electrical Engineering,Unisex - L
60,Lockman,Rashawn,22962@whatever.edu,21,,1,Case Western Reserve University,University (Undergraduate),Computer Science,Unisex - M
61,Purdy,Favian,64348@whatever.edu,23,28,1,The University of Chicago,University (Undergraduate),Computer Science,Unisex - M
62,Leuschke,Marco,70746@college.edu,22,,1,Case Western Reserve University,University (Undergraduate),Civil Engineering,Unisex - S
63,O'Hara,Trevion,64036@college.edu,23,9,1,Case Western Reserve University,University (Master's / Doctoral),Computer Engineering,Women's - XS
64,Sauer,Raymond,61666@college.edu,19,,0,Case Western Reserve University,University (Undergraduate),Computer Science,Unisex - M
65,Mueller,Elsie,80369@university.edu,22,,0,Case Western Reserve University,University (Undergraduate),Electrical Engineering,Unisex - M
66,Volkman,Lacey,90025@college.edu,19,,0,Case Western Reserve University,University (Undergraduate),Computer Science,Unisex - L
67,Hermiston,Elnora,76035@college.edu,19,,1,Case Western Reserve University,University (Undergraduate),Computer Engineering,Unisex - M
68,Stokes,Bradford,38338@college.edu,20,29,1,Ohio University,University (Undergraduate),Computer Science,Women's - M
69,Yundt,Celia,35970@university.edu,19,25,1,Case Western Reserve University,University (Undergraduate),Electrical Engineering,Women's - M
70,Jacobson PhD,Sabryna,22132@college.edu,19,32,1,Case Western Reserve University,University (Undergraduate),Electrical Engineering/Computer Science,Unisex - M
71,Turcotte,Yolanda,51561@university.edu,18,,1,Case Western Reserve University,University (Undergraduate),Computer Science,Unisex - M
72,Wuckert,Rubie,98031@university.edu,19,,1,Case Western Reserve University,University (Undergraduate),Computer Science,Unisex - M
73,Upton,Quentin,77188@college.edu,21,,0,The University of Wisconsin,University (Undergraduate),Computer Science and Engineering,Unisex - XXL
74,West,Caitlyn,37599@university.edu,19,,0,Michigan Technological University,University (Undergraduate),Computer Engineering,Unisex - M
75,Williamson,Jaycee,55958@whatever.edu,24,32,0,Penn State University,University (Undergraduate),Computer Science,Unisex - L
76,Miller,Camren,46613@college.edu,20,,1,The University of Michigan,University (Undergraduate),Computer Information Systems,Women's - S
77,Schmitt,Michale,55808@whatever.edu,20,,0,Case Western Reserve University,University (Undergraduate),Computer Science,Unisex - M
78,Schoen,Mervin,39583@university.edu,21,6,1,Case Western Reserve University,University (Undergraduate),Computer Science,Unisex - L
79,Guaann,Cullen,23694@whatever.edu,19,,0,Case Western Reserve University,University (Undergraduate),Computer Science,Unisex - L
80,Stokes,Pearlie,94616@whatever.edu,19,25,0,Case Western Reserve University,University (Undergraduate),Computer Science,Unisex - L
81,Dibbert,Alden,18268@whatever.edu,21,,1,Case Western Reserve University,University (Master's / Doctoral),Computer Science,Unisex - L
82,Collins,Vito,20905@university.edu,20,,0,Case Western Reserve University,University (Undergraduate),Computer Science,Unisex - L
83,Langosh,Kaela,26821@whatever.edu,20,,1,Case Western Reserve University,University (Undergraduate),Computer Science,Unisex - L
84,Herzog,Colt,93034@whatever.edu,20,,0,Case Western Reserve University,University (Undergraduate),Data Science,Unisex - S
85,DuBuque,Tyshawn,64726@university.edu,20,,1,Case Western Reserve University,University (Undergraduate),Computer Science,Unisex - M
86,Stroman,Elody,73312@university.edu,19,27,0,Case Western Reserve University,University (Undergraduate),Computer Science,Unisex - L
87,Kertzmann,Dino,95134@college.edu,23,,1,Case Western Reserve University,University (Master's / Doctoral),Computer Engineering,Women's - S
88,Schaefer,Maye,74780@college.edu,20,4,0,Case Western Reserve University,University (Undergraduate),"Computer Science, Data Science & Analytics",Women's - S
89,O'Reilly,Einar,81549@college.edu,19,,0,Case Western Reserve University,University (Undergraduate),Computer Science,Unisex - M
90,Haley,Rosario,38930@college.edu,19,4,1,Case Western Reserve University,University (Undergraduate),Computer Science,Unisex - M
91,Bruen,Autumn,25239@college.edu,18,,1,Case Western Reserve University,University (Undergraduate),Computer Science,Unisex - S
92,Koch,Henri,12949@college.edu,20,,0,Oberlin College,University (Undergraduate),Computer Science,Unisex - M
93,McCullough,Madeline,30399@university.edu,25,,0,Universiry of Michigan ,University (Master's / Doctoral),Computer Science,Unisex - M
94,Wiegand,Diego,67381@whatever.edu,20,25,1,University of New Mexico,Junior,Computer Science,Unisex - L
95,Rutherford,Fanny,35875@whatever.edu,20,3,1,Ohio State University,University (Undergraduate),Robotics Engineering,Unisex - L
96,Toy,Garry,71797@college.edu,20,,0,University of Kentucky,University (Undergraduate),Computer Science,Unisex - L
97,D'Amore,Conor,31819@college.edu,18,,0,University of Indiana,University (Undergraduate),Graphic Design,Women's - S
98,Blanda,Grace,61184@university.edu,19,,1,The University of Chicago,University (Undergraduate),Computer Engineering,Unisex - M
99,Moen,Alexandro,37625@college.edu,19,2,1,Ohio State University,University (Undergraduate),Computer Science,Unisex - M
100,Haley,Anya,69215@university.edu,30,,1,Penn State University,Vocational / Code School,General Studies,Unisex - M
101,Purdy,Jennie,93652@college.edu,19,,1,Case Western Reserve University,University (Undergraduate),Computer Science,Unisex - M
102,Beahan,Cullen,27043@university.edu,23,,0,Case Western Reserve University,University (Master's / Doctoral),Computer Science,Women's - S
103,Kreiger,Kasandra,59328@university.edu,19,,0,Ohio State University,University (Undergraduate),Computer Science,Unisex - L
104,Huels,Verdie,38686@whatever.edu,20,9,0,Case Western Reserve University,University (Undergraduate),Computer Science,Unisex - M
105,Nitzsche,Eleazar,88213@whatever.edu,23,,1,Case Western Reserve University,University (Master's / Doctoral),Computer Science,Unisex - M
106,Greenfelder,Lucio,40698@college.edu,20,,1,Case Western Reserve University,University (Undergraduate),Accounting,Unisex - L
107,Zboncak,Kaelyn,55001@university.edu,27,,1,Case Western Reserve University,University (Master's / Doctoral),Electrical Engineering,Women's - S
108,Lehner,Domingo,28044@college.edu,19,,1,Case Western Reserve University,University (Undergraduate),Computer Science,Unisex - M
109,Herzog,Marjorie,35268@college.edu,20,,1,The University of Cincinatti,University (Undergraduate),Computer Science and Engineering,Unisex - M
110,Medhurst,Ruthie,43007@whatever.edu,20,,1,Case Western Reserve University,University (Undergraduate),Biomedical Engineering,Unisex - S
111,Bernier,Kaitlin,76474@college.edu,29,,0,Case Western Reserve University,Not Currently a Student,,Unisex - M
112,Klein,Brandon,28943@college.edu,26,,0,Purdue University,University (Master's / Doctoral),Computer Science,Women's - M
113,Walter,Adah,79873@whatever.edu,20,30,0,Case Western Reserve University,University (Undergraduate),Computer Science,Unisex - L
114,Roob,Tracy,34482@whatever.edu,23,,1,Case Western Reserve University,University (Master's / Doctoral),Computer Science,Unisex - M
115,Bahringer,Nicklaus,96738@university.edu,20,,0,Case Western Reserve University,University (Undergraduate),Electrical Engineering,Women's - S
116,Dicki,Ryley,68742@college.edu,21,,1,The University of Pennsylvania,University (Undergraduate),Computer Science and Engineering,Unisex - M
117,Cartwright,Hosea,96672@university.edu,19,,0,Case Western Reserve University,University (Undergraduate),Biomedical Engineering,Unisex - M
118,Jerde,Faustino,19825@college.edu,21,,0,Case Western Reserve University,University (Undergraduate),Computer Science,Unisex - M
119,Ondricka,Katlyn,72464@college.edu,20,3,1,Case Western Reserve University,University (Undergraduate),Computer Science,Unisex - L
120,Dooley,Estel,34407@university.edu,24,15,0,Case Western Reserve University,University (Undergraduate),Computer Science,Unisex - XXL
121,Blanda,Mervin,73017@college.edu,21,,1,Case Western Reserve University,University (Undergraduate),Computer Science and Economics,Unisex - L
122,Fahey,Darius,95884@university.edu,20,,0,Case Western Reserve University,University (Undergraduate),Computer Science,Unisex - S
123,Hane,Liliane,37088@whatever.edu,18,9,1,Case Western Reserve University,University (Undergraduate),Computer Science,Women's - L
124,Auer,Nicolette,70820@whatever.edu,19,,0,Case Western Reserve University,University (Undergraduate),Computer Science,Unisex - M
125,Hegmann,Grant,33558@university.edu,20,,1,Case Western Reserve University,University (Undergraduate),Applied Mathematics,Women's - M
126,Becker,Sim,47791@whatever.edu,22,,0,other,3,other,Unisex - M
127,Herman,Emie,98454@university.edu,17,31,0,Central High School,High School / Secondary School,Computer Science,Unisex - M
128,Lakin,Jarrell,47908@college.edu,17,31,1,Central High School,High School / Secondary School,,Unisex - L
129,Volkman DVM,Dedric,91532@whatever.edu,18,,1,Case Western Reserve University,University (Undergraduate),Computer Engineering,Unisex - L
130,McClure,Tremaine,63695@whatever.edu,21,,0,Case Western Reserve University,University (Undergraduate),Computer Science,Unisex - S
131,Beahan,Georgiana,63279@college.edu,36,,0,Case Western Reserve University,University (Master's / Doctoral),Urology,Unisex - XXL
132,Kshlerin,Deontae,54502@college.edu,20,,1,Case Western Reserve University,University (Undergraduate),Aerospace Engineering,Unisex - L
133,Hansen,Junior,39824@university.edu,19,,1,Case Western Reserve University,University (Undergraduate),Biomedical Engineering,Unisex - M
134,Bauch,Alvena,40906@college.edu,24,,0,Case Western Reserve University,University (Master's / Doctoral),Computer Science,Women's - M
135,Bauch,Bobby,78436@university.edu,21,,0,Case Western Reserve University,University (Undergraduate),Mechanical Engineering,Unisex - L
136,Schmidt,Blanche,83436@college.edu,19,22,1,Case Western Reserve University,University (Undergraduate),Computer Science,Women's - L
137,Medhurst,Gerard,44447@university.edu,28,,1,Case Western Reserve University,University (Master's / Doctoral),Computer Science,Women's - M
138,Collier,Lance,15462@whatever.edu,22,8,1,Case Western Reserve University,University (Undergraduate),Electrical Engineering,Women's - S
139,Medhurst,Woodrow,19170@university.edu,19,,1,Case Western Reserve University,University (Undergraduate),Computer Science,Unisex - M
140,Davis,Corine,36494@whatever.edu,23,,0,Case Western Reserve University,University (Master's / Doctoral),Computer Science,Unisex - M
141,White,Brooks,45956@university.edu,19,,0,Case Western Reserve University,University (Undergraduate),Biomedical Engineering,Unisex - M
142,Stracke,Marshall,73529@whatever.edu,20,,0,Case Western Reserve University,University (Undergraduate),Computer Science,Unisex - XXL
143,Mueller,Kassandra,78609@college.edu,19,,1,Case Western Reserve University,University (Undergraduate),Computer Science,Unisex - XS
144,Walker,Cathrine,37888@whatever.edu,19,,1,Case Western Reserve University,University (Undergraduate),Electrical Engineering,Women's - S
145,Quitzon,Bryana,66160@college.edu,21,,1,Case Western Reserve University,University (Undergraduate),Computer Science,Unisex - L
146,Kreiger,Myrna,43624@college.edu,18,,1,Case Western Reserve University,University (Undergraduate),Computer Science,Unisex - L
147,Prohaska,Schuyler,86259@university.edu,19,,1,Case Western Reserve University,University (Undergraduate),Computer Science,Unisex - M
148,Wiegand,Gregorio,64218@whatever.edu,19,,1,Case Western Reserve University,University (Undergraduate),Electrical Engineering,Unisex - M
149,Harber PhD,Autumn,79421@university.edu,18,14,0,Case Western Reserve University,University (Undergraduate),Computer Science,Women's - M
150,Hamill,Alicia,60316@college.edu,23,,0,Case Western Reserve University,University (Master's / Doctoral),Computer Science,Women's - S
151,Batz,Faye,49924@university.edu,18,,0,Case Western Reserve University,University (Undergraduate),Computer Science,Women's - S
152,Kreiger,Kimberly,34892@whatever.edu,19,,1,Case Western Reserve University,University (Undergraduate),Computer Science,Unisex - L
153,Bosco,Riley,48613@whatever.edu,21,8,0,Case Western Reserve University,University (Undergraduate),Computer Science,Unisex - L
154,Goodwin,Jamal,36395@college.edu,20,,1,Case Western Reserve University,University (Undergraduate),Mechanical Engineering,Unisex - M
155,Vandervort,Pierre,32543@whatever.edu,20,29,0,Case Western Reserve University,University (Undergraduate),Computer Science,Unisex - XL
156,Johnston,Dewayne,64270@college.edu,18,24,0,Case Western Reserve University,University (Undergraduate),Computer Engineering,Unisex - M
157,Nienow,Charity,21989@whatever.edu,19,,1,Case Western Reserve University,University (Undergraduate),Mechanical Engineering,Unisex - S
158,Fisher,Kathryn,98744@college.edu,19,,0,Case Western Reserve University,University (Undergraduate),Mechanical Engineering,Unisex - XL
159,Daniel,Felicity,36663@university.edu,21,,1,Purdue University,University (Undergraduate),Computer Science and Economics,Unisex - S
160,Kozey,Reymundo,16633@whatever.edu,22,,0,Case Western Reserve University,University (Undergraduate),Biochemistry,Unisex - M
161,Jewess,Mustafa,83489@whatever.edu,18,,1,Case Western Reserve University,University (Undergraduate),Computer Science,Unisex - S
162,Schultz,Kaelyn,70110@college.edu,21,,0,Purdue University,University (Undergraduate),Political Science and applied programming,Unisex - M
163,Lowe,Ciara,80827@whatever.edu,21,,1,Case Western Reserve University,University (Undergraduate),Computer Science,Unisex - S
164,Thiel,Benton,60371@whatever.edu,22,1,0,The University of Toledo,University (Undergraduate),Computer Science,Unisex - XL
165,Hegmann,Kenton,10515@university.edu,21,26,0,Case Western Reserve University,University (Undergraduate),Electrical Engineering,Unisex - M
166,Schaden,Giovanna,89281@whatever.edu,18,,1,Case Western Reserve University,University (Undergraduate),Computer Science,Unisex - S
167,Hammes,Aubrey,88123@whatever.edu,21,,1,Oberlin College,University (Undergraduate),Computer Science and Mathematics,Unisex - M
168,Grady,Gabriel,55241@university.edu,20,,0,Oberlin College,University (Undergraduate),Computer Science,Unisex - M
169,O'Kon,Jalen,51382@whatever.edu,19,32,0,University of Toledo,University (Undergraduate),Computer Science,Unisex - S
170,Corwin,Vance,92057@college.edu,20,4,1,Case Western Reserve University,University (Undergraduate),Computer Science,Unisex - M
171,Wuckert,Dorian,94182@university.edu,20,23,1,Case Western Reserve University,University (Undergraduate),Biochemistry,Unisex - M
172,Schmitt,Tina,42491@whatever.edu,22,,0,Case Western Reserve University,University (Master's / Doctoral),Electrical Engineering,Unisex - M
173,Gusikowski,Korbin,61791@college.edu,19,,0,Case Western Reserve University,University (Undergraduate),Computer Science,Unisex - XS
174,Rippin,Everette,54162@whatever.edu,20,29,1,Case Western Reserve University,University (Undergraduate),Electrical Engineering,Women's - XS
175,Hoppe,Anna,38240@whatever.edu,19,17,1,Ohio State University,University (Undergraduate),Computer Science,Women's - XS
176,Runolfsson,Chloe,12263@whatever.edu,18,,1,Highland High School,High School / Secondary School,,Unisex - L
177,Marvin,Harley,69074@college.edu,18,,1,Case Western Reserve University,University (Undergraduate),Computer Science,Unisex - L
178,Stroman,Chanelle,93000@university.edu,20,,0,Ohio State University,University (Undergraduate),Data Science,Unisex - S
179,Hand,Alfonzo,73032@university.edu,18,25,0,Case Western Reserve University,University (Undergraduate),Physics,Unisex - M
180,Rice,Maryam,87853@university.edu,18,14,0,Case Western Reserve University,University (Undergraduate),Computer Science,Unisex - S
181,Runolfsson,Trever,68895@whatever.edu,21,,1,Case Western Reserve University,University (Undergraduate),Electrical Engineering,Unisex - L
182,Aufderhar,Frederic,19182@university.edu,18,,1,The University of Toledo,University (Undergraduate),Computer Engineering,Unisex - M
183,Schinner,Laurine,63110@college.edu,20,,1,Case Western Reserve University,University (Undergraduate),Electrical Engineering,Unisex - M
184,Stehr,Sadye,99376@university.edu,18,,1,Case Western Reserve University,University (Undergraduate),Computer Science,Unisex - L
185,Stamm,Nova,60717@college.edu,19,,1,Case Western Reserve University,University (Undergraduate),Computer Science,Unisex - M
186,Fadel,Asa,79462@university.edu,19,,1,Case Western Reserve University,University (Undergraduate),Computer Science,Unisex - M
187,Miller,Nella,13058@university.edu,18,,0,Case Western Reserve University,University (Undergraduate),Computer Engineering,Unisex - M
188,Vandervort,Louisa,83049@university.edu,20,,0,Case Western Reserve University,University (Undergraduate),Electrical Engineering,Women's - S
189,Schowalter,Hope,92001@university.edu,25,6,0,Case Western Reserve University,University (Master's / Doctoral),Physics,Unisex - M
190,Stokes,Berniece,88178@college.edu,23,,1,Case Western Reserve University,High School / Secondary School,Finance,Women's - S
191,Jerde,Sadye,57758@whatever.edu,21,,0,The University of Michigan,University (Undergraduate),Computer Science,Unisex - XXL
192,Wehner,Rafaela,93307@college.edu,27,,1,Case Western Reserve University,University (Master's / Doctoral),Finance,Women's - XS
193,Ondricka,Hudson,91869@college.edu,19,,0,Connecticut College,University (Undergraduate),Computer Science and Economics,Women's - M
194,Hand,Annetta,93416@college.edu,25,15,0,Ohio State University,University (Undergraduate),Computer Information Systems,Unisex - M
195,Schoen,Barry,42681@university.edu,28,,1,Case Western Reserve University ,University (Master's / Doctoral),Software Engineering,Women's - L
196,Langosh,King,38854@university.edu,24,20,0,Case Western Reserve University,University (Master's / Doctoral),Nutrition ,Unisex - M
197,Gislason,Raymundo,28491@university.edu,22,16,1,Case Western Reserve University,University (Master's / Doctoral),Social Work,Women's - M
198,Goyette,Alford,70616@university.edu,18,18,0,Case Western Reserve University,University (Undergraduate),Biomedical Engineering,Women's - M
199,Frami,Gilberto,74104@college.edu,21,15,1,The University of Pittsburgh,University (Undergraduate),Computer Engineering,Unisex - S
200,Prosacco,Asia,43947@whatever.edu,23,,0,Michigan State University,University (Undergraduate),Computer Science,Unisex - L
201,Wuckert,Ola,15003@university.edu,18,,1,Case Western Reserve University,University (Undergraduate),Computer Science,Women's - S
202,Maggio,Pierce,22340@whatever.edu,21,,0,Case Western Reserve University,University (Undergraduate),Computer Science,Unisex - L
203,Wiza,Wanda,87009@university.edu,23,,0,The University of Pittsburgh,University (Undergraduate),Computer Science and Engineering,Unisex - S
204,Haley,Lisandro,27653@whatever.edu,21,,1,Case Western Reserve University,University (Undergraduate),Computer Engineering,Unisex - XXL
205,O'Conner,Treva,88325@university.edu,20,,1,Case Western Reserve University,University (Undergraduate),Biomedical Engineering,Unisex - L
206,Breitenberg,Andy,38815@whatever.edu,19,,0,Case Western Reserve University,University (Undergraduate),Computer Science,Unisex - L
207,Wolff,Nat,74251@college.edu,22,23,0,The University of Akron,University (Undergraduate),Computer Engineering,Unisex - XL
208,Cummerata,Mathias,23331@college.edu,20,,1,Case Western Reserve University,University (Undergraduate),Mechanical Engineering,Women's - M
209,Heidenreich,Myles,28703@college.edu,23,,1,Case Western Reserve University,University (Master's / Doctoral),Law School ,Unisex - XS
210,Jakubowski,Brendan,22105@college.edu,22,,0,Case Western Reserve University,University (Master's / Doctoral),Finance,Women's - L
211,Bergnaum,Ralph,41045@university.edu,22,,0,Case Western Reserve University,University (Master's / Doctoral),MBA,Unisex - XL
212,Strosin,Jasmin,21665@university.edu,22,15,1,The University of Michigan,Not Currently a Student,Biochemistry,Women's - M
213,Grady,Royce,11933@college.edu,24,,1,The University of Pittsburgh,University (Undergraduate),Software Engineering,Unisex - M
214,Goldner,Jamar,39167@university.edu,23,,1,Youngstown State University,University (Master's / Doctoral),Computer Science,Unisex - M
215,Nicolas,Xavier,78340@college.edu,21,,1,Case Western Reserve University,University (Undergraduate),Mathematics,Women's - S
216,Rice,Columbus,34397@university.edu,20,,0,Ohio University,University (Undergraduate),Statistics,Unisex - M
217,Oberbrunner,Rashad,42622@university.edu,21,,0,The University of Pittsburgh,University (Undergraduate),Electrical Engineering and Computer Science and Engineering,Women's - M
218,Rempel,Torrey,81547@college.edu,19,,0,Case Western Reserve University,University (Undergraduate),Computer Science,Unisex - M
219,Runte,Brandi,95735@college.edu,19,25,1,Case Western Reserve University,University (Undergraduate),Computer Science,Unisex - L
220,Keebler,Godfrey,39162@whatever.edu,20,,1,Case Western Reserve University,University (Undergraduate),Biomedical Engineering,Unisex - M
221,Purdy,Simone,13428@university.edu,21,,1,The University of Pittsburgh,University (Undergraduate),Electrical Engineering,Unisex - L
222,Barton,Alisha,89877@whatever.edu,22,,1,The University of Maryland,University (Undergraduate),Engineering Physics,Unisex - M
223,Ledner,Diana,62325@college.edu,18,,1,The University of Pittsburgh,University (Undergraduate),Computer Science,Unisex - L
224,Skiles,Hector,38398@college.edu,20,,1,Case Western Reserve University,University (Undergraduate),Computer Science,Unisex - L
225,Gerlach,Joshuah,49231@college.edu,22,,0,Case Western Reserve University,University (Undergraduate),Computer Science,Unisex - L
226,Marvin,Heidi,80543@university.edu,21,,0,Case Western Reserve University,University (Undergraduate),Statistics,Women's - S
227,Rice,Kasey,91563@college.edu,19,,0,Case Western Reserve University,University (Undergraduate),Computer Science,Unisex - S
228,Wisoky,Audreanne,59746@university.edu,23,22,1,Case Western Reserve University,University (Undergraduate),Cognitive Science and Psychology,Women's - L
229,Gerlach,Raymundo,63610@whatever.edu,19,2,0,The University of Cincinatti,University (Undergraduate),Computer Science and Engineering,Women's - S
230,Fritsch,Luis,59463@whatever.edu,18,,1,The University of Cincinatti,University (Undergraduate),Computer Engineering,Women's - M
231,Smith,Clinton,37530@university.edu,20,,0,Youngstown State University,University (Undergraduate),Computer Science and Engineering,Unisex - XXL
232,Funk,Holden,97994@university.edu,18,,0,The University of Chicago,University (Undergraduate),Computer Science and Engineering,Unisex - L
233,Bradtke,Javier,63980@university.edu,19,,1,Penn State University,University (Undergraduate),Computer Science Engineering ,Unisex - L
234,Leannon,Kade,23267@whatever.edu,21,22,0,Case Western Reserve University,University (Undergraduate),Mechanical Engineering,Unisex - M
235,Quitzon,Brice,19214@whatever.edu,20,,1,Purdue University,University (Undergraduate),Computer Science and Engineering,Unisex - XS
236,Kshlerin,Laury,50169@university.edu,19,,0,University of toledo,University (Undergraduate),Computer Science,Unisex - M
237,Effertz,Madyson,33264@college.edu,22,25,1,Case Western Reserve University,University (Master's / Doctoral),Biomedical Engineering,Unisex - L
238,Abernathy,Carter,93811@whatever.edu,18,,0,University of toledo,University (Undergraduate),Computer Science and Engineering,Unisex - L
239,Schumm,Liliana,99384@whatever.edu,21,,1,Case Western Reserve University,University (Undergraduate),Computer Science,Unisex - L
240,Beer,Treva,15627@college.edu,23,9,0,Case Western Reserve University,University (Master's / Doctoral),Finance,Unisex - M
241,Morissette,Demond,17634@college.edu,21,28,0,Case Western Reserve University,University (Undergraduate),Finance,Unisex - M
242,Roob,Hazle,66258@whatever.edu,29,27,1,Case Western Reserve University,University (Master's / Doctoral),Physics,Unisex - M
243,Paucek,Julian,68850@whatever.edu,19,,1,Case Western Reserve University,University (Undergraduate),Computer Engineering,Unisex - M
244,Zieme,Okey,69647@university.edu,23,,0,Case Western Reserve University,Not Currently a Student,Full Stack Web Development,Women's - S
245,Kassulke,Easter,87391@college.edu,37,,0,Michigan State University,University (Master's / Doctoral),Computer Science,Women's - L
246,Emard,Lilyan,15016@university.edu,22,,1,The Ohio State University,University (Undergraduate),Computer Engineering,Unisex - XL
247,Schimmel,Morgan,25201@university.edu,24,26,1,Case Western Reserve University,University (Master's / Doctoral),Computer Science,Unisex - L
248,Moen,Isabella,64569@university.edu,20,,0,Ohio State University,University (Undergraduate),Computer Science and Computer Engineering,Unisex - L
249,Zieme,Zachariah,70007@university.edu,21,,0,University of toledo,University (Undergraduate),CSE,Unisex - XL
250,Heidenreich,Myra,32431@college.edu,16,,1,Parma High School,High School / Secondary School,None,Unisex - S
251,Bernier,Casey,95895@university.edu,19,,1,The University of Akron,University (Undergraduate),Computer Engineering,Unisex - S
252,Cassin,Eric,39435@college.edu,28,28,1,Case Western Reserve University,University (Master's / Doctoral),Master of Public Health,Unisex - L
253,Herzog,Carmen,81796@university.edu,21,,1,Case Western Reserve University,University (Undergraduate),Communication Sciences,Women's - S
254,Bins,Isabell,57675@university.edu,19,6,0,Case Western Reserve University,University (Undergraduate),Computer Science,Unisex - M
255,Botsford,Jan,90485@whatever.edu,21,,0,Case Western Reserve University,University (Undergraduate),Computer Science,Unisex - M
256,Cartwright,Christa,92653@whatever.edu,18,31,0,Case Western Reserve University,University (Undergraduate),Computer Science,Unisex - M
257,Lakin,Tamia,54722@university.edu,26,,1,Indiana State University,University (Undergraduate),Computer Science,Unisex - M
258,Shields,Wyman,64455@university.edu,21,,1,The University of Pittsburgh,University (Undergraduate),Computer Science,Unisex - S
259,Feil,Laurine,15641@university.edu,17,15,1,The Ohio State University,University (Undergraduate),Computer Science,Women's - S
260,Treutel,Nils,89736@university.edu,19,10,1,Case Western Reserve University,University (Undergraduate),Computer Science,Unisex - M
261,Becker,Kody,84652@university.edu,24,27,1,Case Western Reserve University,University (Master's / Doctoral),Master of Engineering,Unisex - L
262,Gislason,Nathan,32751@whatever.edu,20,3,1,Case Western Reserve University,University (Undergraduate),Computer Science,Women's - L
263,Armstrong,Carmine,10187@university.edu,19,6,0,Case Western Reserve University,University (Undergraduate),Computer Science and Electrical Engineering,Unisex - L
264,Witting,Autumn,90522@university.edu,18,,0,Case Western Reserve University,University (Undergraduate),Computer Science,Unisex - S
265,O'Connell,Dedric,14658@university.edu,31,,0,Purdue University,University (Master's / Doctoral),MBA,Unisex - L
266,Mosciski,Dewayne,69901@university.edu,25,16,1,Case Western Reserve University,University (Master's / Doctoral),Periodontics,Unisex - XL
267,Bernhard,Karina,96334@college.edu,19,,0,Case Western Reserve University,University (Undergraduate),Computer Science,Unisex - M
268,Prosacco,Kaleigh,69121@college.edu,27,,1,Case Western Reserve University,University (Master's / Doctoral),Physics,Women's - XS
269,Kuphal,Ricardo,36673@college.edu,28,,0,Case Western Reserve University,University (Master's / Doctoral),Computer Science,Women's - S
270,Berge,Marlene,55463@college.edu,24,,0,Case Western Reserve University,University (Master's / Doctoral),Computer Science,Unisex - XL
271,Johns,Glennie,44518@university.edu,18,5,1,Case Western Reserve University,University (Undergraduate),Mechanical Engineering,Unisex - M
272,Berge,Amos,35081@university.edu,21,8,0,Case Western Reserve University,University (Undergraduate),Math + Physics and Computer Science,Women's - S
273,Johns,Rogelio,24171@whatever.edu,21,,1,The University of Akron,University (Undergraduate),Computer Science,Unisex - L
274,Sanford,Carlotta,35772@whatever.edu,28,,0,University of Toledo,University (Master's / Doctoral),Computer Engineering,Unisex - XXL
275,Simonis,Noah,39652@university.edu,21,,1,Case Western Reserve University,University (Undergraduate),Mechanical Engineering,Unisex - M
276,Olson,Joyce,18828@college.edu,21,,0,Case Western Reserve University,University (Undergraduate),Computer Science,Unisex - XL
277,O'Conner,Fritz,57892@university.edu,19,,1,Purdue University,University (Undergraduate),Computer Engineering,Women's - M
278,Block,Kristy,30251@college.edu,21,,0,Case Western Reserve University,University (Undergraduate),Data Science,Unisex - S
279,Grady,Alena,73607@whatever.edu,21,14,0,Case Western Reserve University,University (Undergraduate),Electrical Engineering,Unisex - M
280,Cremin,Daija,16823@whatever.edu,19,6,1,Case Western Reserve University,University (Undergraduate),Biology,Women's - M
281,Kreiger,Deonte,99751@university.edu,19,,1,The University of Pittsburgh,University (Undergraduate),Electrical & Computer Engineering,Unisex - M
282,Oberbrunner,Colten,34216@college.edu,18,,0,The University of Toledo,University (Undergraduate),Computer Science,Unisex - XL
283,Kautzer,Araceli,40585@whatever.edu,22,,0,Case Western Reserve University,University (Undergraduate),Engineering Physics,Unisex - S
284,Bechtelar,Rudy,84784@university.edu,19,,1,Case Western Reserve University,University (Undergraduate),Mechanical Engineering,Unisex - M
285,Lemke,Shirley,31777@university.edu,18,,1,The University of Toledo,University (Undergraduate),Computer Science,Women's - M
286,Dibbert,Aidan,30344@university.edu,20,,0,The University of Akron,University (Undergraduate),Computer Science,Unisex - L
287,McLaughlin,Berenice,70594@university.edu,20,,0,Case Western Reserve University,University (Undergraduate),Computer Science,Women's - S
288,Beatty,Alexandrine,71807@whatever.edu,18,,1,Shaker Heights High School,High School / Secondary School,Computer Science,Unisex - L
289,Raynor,Toby,86777@university.edu,18,9,1,The University of Pittsburgh,University (Undergraduate),Computer Engineering,Women's - XS
290,Toy,Rico,45528@university.edu,19,,1,Case Western Reserve University,University (Undergraduate),Aerospace Engineering,Unisex - M
291,Schneider,Duane,17139@whatever.edu,21,20,1,Case Western Reserve University,University (Undergraduate),Electrical Engineering,Women's - S
292,Murazik,Flavio,33801@whatever.edu,18,14,0,The University of Toledo,University (Undergraduate),Computer Science and Engineering,Unisex - L
293,Glover,Rhea,55691@university.edu,19,9,0,Case Western Reserve University,University (Undergraduate),Mechanical Engineering,Unisex - S
294,Jacobs,Emmett,76369@university.edu,20,,0,Case Western Reserve University,University (Undergraduate),Computer Engineering,Unisex - M
295,Ebert,Lue,67575@university.edu,19,,1,Case Western Reserve University,University (Undergraduate),Computer Science,Women's - S
296,Runte,Elian,45236@whatever.edu,29,,1,Michigan State University,University (Undergraduate),Computer Science,Unisex - L
297,Windler,Howell,89816@whatever.edu,19,,1,Michigan State University,University (Undergraduate),Computer Science,Unisex - M
298,Barrows,Nathaniel,64766@university.edu,21,,1,Case Western Reserve University,University (Undergraduate),Evolutionary Biology,Unisex - XL
299,West,Delilah,82939@whatever.edu,21,9,1,Case Western Reserve University,University (Undergraduate),Electrical Engineering,Unisex - M
300,Hermann,Ophelia,65565@whatever.edu,19,,1,Case Western Reserve University,University (Undergraduate),Engineering,Unisex - M
301,Balistreri,Katharina,38103@college.edu,21,,0,Case Western Reserve University,University (Undergraduate),Computer Science,Unisex - M
302,Walker,Janie,28945@whatever.edu,18,4,0,The University of Pittsburgh,University (Undergraduate),Computer Engineering,Women's - XL
303,Leannon,Mario,24432@college.edu,21,,0,The University of Pittsburgh,University (Undergraduate),Computer Science and Engineering,Unisex - L
304,McDermott,Isabella,22484@college.edu,20,,1,The University of Pittsburgh,University (Undergraduate),Computer Science,Unisex - L
305,Roob,Clarissa,33455@college.edu,20,26,0,Case Western Reserve University,University (Undergraduate),Computer Science,Unisex - M
306,Gerlach,Ola,86146@whatever.edu,21,,1,Case Western Reserve University,University (Undergraduate),Electrical Engineering,Unisex - L
307,Kuhic,Akeem,88589@college.edu,20,,0,Case Western Reserve University,University (Undergraduate),Computer Science,Unisex - XL
308,Ebert,Ewald,18425@whatever.edu,15,,0,Central Highschool,High School / Secondary School,None,Unisex - XL
309,Weissnat,Gerard,23233@college.edu,15,9,1,Central High School,High School / Secondary School,N/a,Unisex - M
310,Lind,Brannon,56240@whatever.edu,19,,0,Case Western Reserve University,University (Undergraduate),Computer Science,Unisex - L
311,Maggio,Taurean,63009@whatever.edu,19,,1,Case Western Reserve University,University (Undergraduate),Electrical Engineering,Unisex - M
312,Metz,Delbert,23632@college.edu,20,1,0,Case Western Reserve University,University (Undergraduate),Biochemistry,Unisex - M
313,West,Dejon,93905@college.edu,17,,1,Case Western Reserve University,University (Undergraduate),Biomedical Engineering,Unisex - M
314,Eichmann,Alia,60924@college.edu,21,,0,Case Western Reserve University,University (Undergraduate),Computer Science,Unisex - L
315,Denesik,Marlen,48961@university.edu,18,,1,Case Western Reserve University,University (Undergraduate),Biomedical Engineering,Women's - M
316,Kuphal,Xander,38177@college.edu,18,,0,Case Western Reserve University,University (Undergraduate),Astronomy & Theater ,Unisex - M
317,Heathcote,Easton,97123@college.edu,21,,0,The University of Toledo,University (Undergraduate),Business Administration,Unisex - XL
318,Grant,Clementine,53758@college.edu,18,16,1,Case Western Reserve University,University (Undergraduate),Biomedical Engineering,Unisex - L
319,Osinski,Rachael,61572@university.edu,18,,1,Case Western Reserve University,University (Undergraduate),Biology,Unisex - M
320,Abshire,Deron,66466@whatever.edu,19,26,0,Case Western Reserve University,University (Undergraduate),Biology,Unisex - XL
321,Jacobson,Isaac,41773@whatever.edu,18,,0,Case Western Reserve University,University (Undergraduate),Undeclared,Women's - M
322,Stamm,Aiyana,52108@whatever.edu,23,25,1,Case Western Reserve University,Not Currently a Student,Computer Science,Unisex - M
323,Watsica,Alana,19416@university.edu,19,11,1,Case Western Reserve University,University (Undergraduate),Computer Science,Women's - M
324,Wiza,Kathryn,52899@college.edu,19,20,0,Case Western Reserve University,University (Undergraduate),Electrical Engineering,Unisex - M
325,VonRueden,Tierra,27950@college.edu,20,,0,Case Western Reserve University,University (Undergraduate),"Business Management, Environmental Studies",Unisex - XL
326,Breitenberg,Mattie,21051@university.edu,20,21,1,Case Western Reserve University,University (Undergraduate),Computer Science,Unisex - L
327,Johnston,Jazmyne,80383@college.edu,18,,1,The University of Michigan,University (Undergraduate),Computer Engineering ,Unisex - M
328,Bernier,Bethany,80976@university.edu,19,,1,Case Western Reserve University,University (Undergraduate),Computer Science,Unisex - L
329,Turner,Neha,51970@university.edu,18,2,1,Case Western Reserve University,University (Undergraduate),Biomedical Engineering & Computer Science,Unisex - L
330,Von,Kaela,82182@college.edu,18,,0,Case Western Reserve University,University (Undergraduate),Computer Science,Unisex - M
331,Toy,Lucinda,21321@university.edu,21,,0,Case Western Reserve University,University (Undergraduate),Nursing ,Women's - M
332,Abbott,Dayne,57861@whatever.edu,21,,0,Case Western Reserve University,University (Undergraduate),International Relations,Women's - L
333,Kunze,Blair,65418@college.edu,26,,1,Case Western Reserve University,Not Currently a Student,Biology,Women's - M
334,Durgan,Ozella,15079@college.edu,19,,1,Case Western Reserve University,University (Undergraduate),Mechanical Engineering,Unisex - M
335,Goldner,Ricky,37347@whatever.edu,22,,1,Case Western Reserve University,University (Undergraduate),Computer Science,Unisex - M
336,Price,Lenora,58495@university.edu,18,,1,Case Western Reserve University,University (Undergraduate),Computer Science,Unisex - M
337,Nikolaus,Annamae,51645@whatever.edu,19,,1,Case Western Reserve University,University (Undergraduate),Computer Science,Unisex - M
338,Fahey,Anderson,18282@university.edu,19,,1,Case Western Reserve University,University (Undergraduate),Computer Science,Unisex - L
339,O'Hara,Eriberto,21837@university.edu,28,9,0,Case Western Reserve University,Not Currently a Student,Chemical Engineering,Women's - M
340,Kuhic,Ewell,60980@university.edu,17,32,0,Case Western Reserve University,University (Undergraduate),Computer Science,Unisex - M
341,Rempel,Clemens,25602@college.edu,18,,0,Case Western Reserve University,University (Undergraduate),Mechanical Engineering,Women's - XXS
342,Orn,Soledad,58905@college.edu,22,,1,Case Western Reserve University,University (Undergraduate),Electrical Engineering,Unisex - L
343,Lehner,Brendan,75430@whatever.edu,16,16,1,Highland High School,High School / Secondary School,CS,Unisex - M
344,Lueilwitz,Eloy,50284@whatever.edu,20,7,1,The Ohio State University,University (Undergraduate),Industrial Design,Women's - M
345,Kemmer,Eleazar,33558@whatever.edu,19,2,1,Case Western Reserve University,University (Undergraduate),Computer Science,Unisex - S
